-- phpMyAdmin SQL Dump
-- version 4.5.4.1deb2ubuntu2
-- http://www.phpmyadmin.net
--
-- Host: localhost
-- Generation Time: Nov 05, 2016 at 08:29 PM
-- Server version: 5.7.16-0ubuntu0.16.04.1
-- PHP Version: 7.0.8-0ubuntu0.16.04.3

SET SQL_MODE = "NO_AUTO_VALUE_ON_ZERO";
SET time_zone = "+00:00";


/*!40101 SET @OLD_CHARACTER_SET_CLIENT=@@CHARACTER_SET_CLIENT */;
/*!40101 SET @OLD_CHARACTER_SET_RESULTS=@@CHARACTER_SET_RESULTS */;
/*!40101 SET @OLD_COLLATION_CONNECTION=@@COLLATION_CONNECTION */;
/*!40101 SET NAMES utf8mb4 */;

--
-- Database: `labsecond`
--

-- --------------------------------------------------------

--
-- Table structure for table `migrations`
--

CREATE TABLE `migrations` (
  `id` int(10) UNSIGNED NOT NULL,
  `migration` varchar(255) COLLATE utf8_unicode_ci NOT NULL,
  `batch` int(11) NOT NULL
) ENGINE=InnoDB DEFAULT CHARSET=utf8 COLLATE=utf8_unicode_ci;

--
-- Dumping data for table `migrations`
--

INSERT INTO `migrations` (`id`, `migration`, `batch`) VALUES
(1, '2014_10_12_000000_create_users_table', 1),
(2, '2014_10_12_100000_create_password_resets_table', 1),
(3, '2016_11_04_193738_create_profiles_table', 2);

-- --------------------------------------------------------

--
-- Table structure for table `password_resets`
--

CREATE TABLE `password_resets` (
  `email` varchar(255) COLLATE utf8_unicode_ci NOT NULL,
  `token` varchar(255) COLLATE utf8_unicode_ci NOT NULL,
  `created_at` timestamp NULL DEFAULT NULL
) ENGINE=InnoDB DEFAULT CHARSET=utf8 COLLATE=utf8_unicode_ci;

-- --------------------------------------------------------

--
-- Table structure for table `profiles`
--

CREATE TABLE `profiles` (
  `id` int(10) UNSIGNED NOT NULL,
  `user_id` int(10) UNSIGNED NOT NULL,
  `first_name` varchar(255) COLLATE utf8_unicode_ci NOT NULL,
  `last_name` varchar(255) COLLATE utf8_unicode_ci NOT NULL,
  `gender` varchar(255) COLLATE utf8_unicode_ci NOT NULL,
  `father_name` varchar(255) COLLATE utf8_unicode_ci NOT NULL,
  `mother_name` varchar(255) COLLATE utf8_unicode_ci NOT NULL,
  `mobile` varchar(255) COLLATE utf8_unicode_ci NOT NULL,
  `address` varchar(255) COLLATE utf8_unicode_ci NOT NULL,
  `facebook` varchar(255) COLLATE utf8_unicode_ci NOT NULL,
  `website` varchar(255) COLLATE utf8_unicode_ci NOT NULL,
  `git` varchar(255) COLLATE utf8_unicode_ci NOT NULL,
  `linkedin` varchar(255) COLLATE utf8_unicode_ci NOT NULL,
  `created_at` timestamp NULL DEFAULT NULL,
  `updated_at` timestamp NULL DEFAULT NULL,
  `deleted_at` timestamp NULL DEFAULT NULL
) ENGINE=InnoDB DEFAULT CHARSET=utf8 COLLATE=utf8_unicode_ci;

--
-- Dumping data for table `profiles`
--

INSERT INTO `profiles` (`id`, `user_id`, `first_name`, `last_name`, `gender`, `father_name`, `mother_name`, `mobile`, `address`, `facebook`, `website`, `git`, `linkedin`, `created_at`, `updated_at`, `deleted_at`) VALUES
(51, 51, 'Isabel', 'Nikolaus', 'female', 'Kiara Parisian', 'Saul Conroy Jr.', '235.760.6261', '37522 Hailey Crossroad Apt. 394\nTellyfurt, ND 55688', 'http://facebook.com/Eliza', 'http://google.com/Birdie', 'http://git.com/Minerva', 'http://linkedin.com/Tyrique', '2016-11-04 13:57:36', '2016-11-04 13:57:36', NULL),
(52, 52, 'Jerome', 'Hansen', 'female', 'Zack Barrows DDS', 'Shaun Crooks', '410.404.1824', '416 Geovanny Courts\nLake Lulubury, WV 39682-0577', 'http://facebook.com/Electa', 'http://google.com/Beau', 'http://git.com/Garnett', 'http://linkedin.com/Caleb', '2016-11-04 13:57:36', '2016-11-04 13:57:36', NULL),
(53, 53, 'Samantha', 'Dooley', 'female', 'Coleman Brown', 'Jenifer Predovic', '608.871.7824 x4643', '9074 Quinten Passage\nBartonmouth, KS 11921-7788', 'http://facebook.com/Adonis', 'http://google.com/Kirk', 'http://git.com/Lia', 'http://linkedin.com/Bette', '2016-11-04 13:57:36', '2016-11-04 13:57:36', NULL),
(54, 54, 'Mallie', 'Marquardt', 'female', 'Prof. Claud Batz', 'Taya Carroll DDS', '473-205-8076', '33154 Von Shores Suite 381\nKalehaven, NV 46211-6847', 'http://facebook.com/Murphy', 'http://google.com/Freida', 'http://git.com/Jaden', 'http://linkedin.com/Zachariah', '2016-11-04 13:57:36', '2016-11-04 13:57:36', NULL),
(55, 55, 'Ariane', 'Mayer', 'female', 'Dr. Lourdes Harvey', 'Miss Kara Cartwright Sr.', '1-326-367-6953 x1384', '40967 Windler Ports\nTristianborough, RI 40145-8141', 'http://facebook.com/Kory', 'http://google.com/Delbert', 'http://git.com/Kyra', 'http://linkedin.com/Shaylee', '2016-11-04 13:57:36', '2016-11-04 13:57:36', NULL),
(56, 56, 'Leopoldo', 'Schmidt', 'male', 'Jaycee Hammes', 'Ms. Rachael Schumm', '+1.384.635.1467', '1009 Jaycee Place\nSatterfieldstad, ME 85335-2326', 'http://facebook.com/Tristin', 'http://google.com/Jeffrey', 'http://git.com/Kenya', 'http://linkedin.com/Douglas', '2016-11-04 13:57:36', '2016-11-04 13:57:36', NULL),
(57, 57, 'Jennifer', 'Bartoletti', 'male', 'Mrs. Kaelyn Corkery DDS', 'Tiara Ward', '558-995-4296', '849 Goodwin Corner\nAdelahaven, IL 77092', 'http://facebook.com/Elnora', 'http://google.com/Ewell', 'http://git.com/Alberta', 'http://linkedin.com/Hosea', '2016-11-04 13:57:36', '2016-11-04 13:57:36', NULL),
(58, 58, 'Brennan', 'Pfannerstill', 'male', 'Adeline Morar I', 'Aracely Hagenes', '1-817-763-5917 x644', '122 Estefania Ville Apt. 070\nHackettstad, MA 54435', 'http://facebook.com/Louvenia', 'http://google.com/Otilia', 'http://git.com/Rocky', 'http://linkedin.com/Elinor', '2016-11-04 13:57:36', '2016-11-04 13:57:36', NULL),
(59, 59, 'Jose', 'Predovic', 'male', 'Everett Kunde', 'Miss Heaven Pouros', '+1 (606) 373-2896', '346 Holden Villages Suite 145\nBettestad, IN 41145-7708', 'http://facebook.com/Clovis', 'http://google.com/Demetris', 'http://git.com/Uriah', 'http://linkedin.com/Mark', '2016-11-04 13:57:36', '2016-11-04 13:57:36', NULL),
(60, 60, 'Anika', 'Moen', 'female', 'Elian Powlowski PhD', 'Rhoda Skiles V', '986.631.1730 x399', '10097 Braden Tunnel Apt. 076\nKoelpinstad, WY 09884', 'http://facebook.com/Harold', 'http://google.com/Aida', 'http://git.com/Waino', 'http://linkedin.com/Kaci', '2016-11-04 13:57:36', '2016-11-04 13:57:36', NULL),
(61, 61, 'Mina', 'Leannon', 'female', 'Thalia Bogan', 'Mrs. Alice Rogahn', '(606) 498-1620 x7973', '2727 Kuhlman Well\nChelseyborough, IL 49262-2741', 'http://facebook.com/Raleigh', 'http://google.com/Jevon', 'http://git.com/Art', 'http://linkedin.com/Isaias', '2016-11-04 13:57:36', '2016-11-04 13:57:36', NULL),
(62, 62, 'Korbin', 'Streich', 'female', 'Tracey Rath', 'Brianne Borer', '1-952-587-4685 x046', '9539 Christiansen Harbors Suite 344\nPaucekmouth, OR 92617', 'http://facebook.com/Tomas', 'http://google.com/Hardy', 'http://git.com/Harley', 'http://linkedin.com/Terrance', '2016-11-04 13:57:36', '2016-11-04 13:57:36', NULL),
(63, 63, 'Darrel', 'Koch', 'female', 'Francesco Schumm', 'Ms. Thalia Weissnat', '+1-979-786-1737', '216 Huels Spurs Suite 067\nSouth Gideonshire, NC 56076-7131', 'http://facebook.com/Bettye', 'http://google.com/Ibrahim', 'http://git.com/Alena', 'http://linkedin.com/Ettie', '2016-11-04 13:57:36', '2016-11-04 13:57:36', NULL),
(64, 64, 'Miguel', 'Johnson', 'male', 'Prof. Domenico Boyer', 'Missouri Bernhard', '(507) 677-2525', '455 Hintz Village Apt. 790\nEast Rickybury, IL 56421-7067', 'http://facebook.com/Lexie', 'http://google.com/Nathan', 'http://git.com/Brandy', 'http://linkedin.com/Marcus', '2016-11-04 13:57:36', '2016-11-04 13:57:36', NULL),
(65, 65, 'Brycen', 'Effertz', 'female', 'Vicenta Reynolds', 'Arvel Bailey', '807.381.4558 x7746', '2352 Simonis Pass Apt. 420\nLake Alexandrostad, IN 52284-6342', 'http://facebook.com/Jarod', 'http://google.com/Cecile', 'http://git.com/Gianni', 'http://linkedin.com/Leopoldo', '2016-11-04 13:57:36', '2016-11-04 13:57:36', NULL),
(66, 66, 'Dortha', 'Robel', 'male', 'Dr. Torey Grady MD', 'Edyth Rutherford', '1-501-339-3429', '5376 Blanche Radial\nBoylebury, MD 08995-9405', 'http://facebook.com/Nolan', 'http://google.com/Armando', 'http://git.com/Maegan', 'http://linkedin.com/Silas', '2016-11-04 13:57:36', '2016-11-04 13:57:36', NULL),
(67, 67, 'Frank', 'Hodkiewicz', 'female', 'Cameron Klocko', 'Jailyn King', '359-965-0319 x3076', '3466 Ebert Roads Apt. 392\nWinstonmouth, AK 94636', 'http://facebook.com/Novella', 'http://google.com/Kathryn', 'http://git.com/Jeromy', 'http://linkedin.com/Molly', '2016-11-04 13:57:36', '2016-11-04 13:57:36', NULL),
(68, 68, 'Nico', 'Rolfson', 'female', 'Elmer Luettgen', 'Oswald Hilll', '495-310-5289 x2404', '9462 Wava Forest\nWest Skylatown, AK 90654', 'http://facebook.com/Clark', 'http://google.com/Albert', 'http://git.com/Myra', 'http://linkedin.com/Edison', '2016-11-04 13:57:36', '2016-11-04 13:57:36', NULL),
(69, 69, 'Porter', 'Pfeffer', 'female', 'Dr. Valentin Rolfson I', 'Richard Oberbrunner', '1-325-630-0428', '888 Glenda Plain\nPort Christopher, NH 38553-7815', 'http://facebook.com/Edna', 'http://google.com/Lucio', 'http://git.com/Adella', 'http://linkedin.com/Desmond', '2016-11-04 13:57:36', '2016-11-04 13:57:36', NULL),
(70, 70, 'Jacklyn', 'Sipes', 'male', 'Aiden O\'Connell', 'Nelda Larkin', '+1-753-335-0364', '13737 Jadyn Passage\nEast Shanieport, CO 71308-5970', 'http://facebook.com/Moshe', 'http://google.com/Columbus', 'http://git.com/Ignatius', 'http://linkedin.com/Alvera', '2016-11-04 13:57:36', '2016-11-04 13:57:36', NULL),
(71, 71, 'Sincere', 'Fisher', 'female', 'Clare Monahan', 'Ricky Hartmann', '585.686.8207 x30018', '6290 Ebert Lock\nNorth Theresiaville, KY 89154-1631', 'http://facebook.com/Jade', 'http://google.com/Landen', 'http://git.com/Abigayle', 'http://linkedin.com/Albertha', '2016-11-04 13:57:36', '2016-11-04 13:57:36', NULL),
(72, 72, 'Eino', 'Braun', 'male', 'Quentin Thompson', 'Kira Hamill', '(634) 776-5255 x8984', '540 Denesik Stravenue Suite 883\nMelisamouth, WY 78567-9338', 'http://facebook.com/Carter', 'http://google.com/Dayton', 'http://git.com/Jakayla', 'http://linkedin.com/Geraldine', '2016-11-04 13:57:36', '2016-11-04 13:57:36', NULL),
(73, 73, 'Javier', 'Franecki', 'female', 'Prof. Rashad Rempel', 'Mr. Emiliano Botsford PhD', '+13368747445', '8649 Krista Radial\nNorth Elouisefort, CT 19594', 'http://facebook.com/Erich', 'http://google.com/Laney', 'http://git.com/Myah', 'http://linkedin.com/Maureen', '2016-11-04 13:57:36', '2016-11-04 13:57:36', NULL),
(74, 74, 'Leda', 'Lakin', 'female', 'Makayla Jacobson', 'Prof. Macy Conn', '(987) 262-0960 x17669', '33406 Ahmad Branch Apt. 231\nPort Josianne, UT 05135', 'http://facebook.com/Yazmin', 'http://google.com/Juston', 'http://git.com/Franz', 'http://linkedin.com/Willis', '2016-11-04 13:57:36', '2016-11-04 13:57:36', NULL),
(75, 75, 'Nicole', 'Rosenbaum', 'male', 'Ms. Margie O\'Reilly', 'Larry Bechtelar', '678-663-8961', '87004 Nolan Hills\nNorth Rosa, SC 49574', 'http://facebook.com/Trinity', 'http://google.com/Barrett', 'http://git.com/Bennett', 'http://linkedin.com/Christiana', '2016-11-04 13:57:36', '2016-11-04 13:57:36', NULL),
(76, 76, 'Alexane', 'Langosh', 'female', 'Giovani Greenfelder', 'Frankie Hilll V', '516-676-9049', '1185 Olaf Road Suite 801\nLake Stantonland, OH 82242-7693', 'http://facebook.com/Grayson', 'http://google.com/Isadore', 'http://git.com/Mazie', 'http://linkedin.com/Garrett', '2016-11-04 13:57:37', '2016-11-04 13:57:37', NULL),
(77, 77, 'Romaine', 'Murphy', 'male', 'Kristian Wiegand', 'Ms. Bryana Fahey', '(652) 788-6312', '8870 Howe Estates Apt. 246\nKihnfurt, KS 94755-5159', 'http://facebook.com/Raul', 'http://google.com/Floyd', 'http://git.com/Aditya', 'http://linkedin.com/Yoshiko', '2016-11-04 13:57:37', '2016-11-04 13:57:37', NULL),
(78, 78, 'Trycia', 'Green', 'male', 'Duncan O\'Reilly', 'Kim Barton', '(379) 672-0614', '49797 Ankunding Common\nInesville, WY 42655-5274', 'http://facebook.com/Lura', 'http://google.com/Justen', 'http://git.com/Damion', 'http://linkedin.com/Mary', '2016-11-04 13:57:37', '2016-11-04 13:57:37', NULL),
(79, 79, 'Alfreda', 'Sauer', 'female', 'Prof. Marlen Ritchie', 'Dr. Gregg Marks', '971.960.8775', '70024 Bonita Court Apt. 236\nPort Zoey, TX 59661', 'http://facebook.com/Nicolas', 'http://google.com/Jonas', 'http://git.com/Sarai', 'http://linkedin.com/Hildegard', '2016-11-04 13:57:37', '2016-11-04 13:57:37', NULL),
(80, 80, 'Kody', 'Hahn', 'male', 'Demario Lehner', 'Dr. Leanne Bosco', '582-950-6375', '7260 Susan Park\nKlingview, AZ 11870', 'http://facebook.com/Dariana', 'http://google.com/Gust', 'http://git.com/Eleanora', 'http://linkedin.com/Cordia', '2016-11-04 13:57:37', '2016-11-04 13:57:37', NULL),
(81, 81, 'Caleb', 'Oberbrunner', 'male', 'Tobin Keebler', 'Randi Rutherford', '1-985-288-3805 x1773', '5861 Howe Locks\nEast Jaydenmouth, CA 47653', 'http://facebook.com/Kristoffer', 'http://google.com/Nelda', 'http://git.com/Linnea', 'http://linkedin.com/Xavier', '2016-11-04 13:57:37', '2016-11-04 13:57:37', NULL),
(82, 82, 'Chyna', 'Nader', 'male', 'Lucile Schultz', 'Lawson Reichert', '1-951-620-7741 x6866', '932 Jody Trafficway\nShanahanburgh, UT 33021', 'http://facebook.com/Owen', 'http://google.com/Kailey', 'http://git.com/Candice', 'http://linkedin.com/Rolando', '2016-11-04 13:57:37', '2016-11-04 13:57:37', NULL),
(83, 83, 'Isai', 'Prohaska', 'female', 'Duncan Stracke', 'Mercedes Armstrong', '+13807668122', '2951 Jaqueline Plain Suite 622\nRobbiemouth, WI 13161', 'http://facebook.com/Houston', 'http://google.com/Rashad', 'http://git.com/Barry', 'http://linkedin.com/Rosetta', '2016-11-04 13:57:37', '2016-11-04 13:57:37', NULL),
(84, 84, 'Reginald', 'Cruickshank', 'male', 'Cristobal Barton', 'Adele Orn', '478.810.9224 x02114', '754 Velda Creek Apt. 784\nLake Arvillabury, NY 32516', 'http://facebook.com/Vernon', 'http://google.com/Esta', 'http://git.com/Deanna', 'http://linkedin.com/Alyce', '2016-11-04 13:57:37', '2016-11-04 13:57:37', NULL),
(85, 85, 'Melyna', 'Dickens', 'female', 'Al Stoltenberg', 'Justine Schultz', '(627) 751-3909', '56798 Clement Vista\nPatbury, OK 60413-1284', 'http://facebook.com/Aric', 'http://google.com/Vivienne', 'http://git.com/Lonny', 'http://linkedin.com/Willie', '2016-11-04 13:57:37', '2016-11-04 13:57:37', NULL),
(86, 86, 'Keon', 'Jakubowski', 'male', 'Stuart Wilkinson', 'Angelina Lang MD', '913-295-9759 x7736', '625 Jewel Plains\nNorth Ryleigh, IN 58323', 'http://facebook.com/Cade', 'http://google.com/Constance', 'http://git.com/Madeline', 'http://linkedin.com/Zane', '2016-11-04 13:57:37', '2016-11-04 13:57:37', NULL),
(87, 87, 'Asa', 'Kris', 'female', 'Mr. Jayce Blick', 'Jarrell O\'Conner DDS', '464-683-0100 x47165', '379 O\'Connell Overpass\nOberbrunnerville, NM 79762-8499', 'http://facebook.com/Darlene', 'http://google.com/Josiah', 'http://git.com/Leon', 'http://linkedin.com/Odell', '2016-11-04 13:57:37', '2016-11-04 13:57:37', NULL),
(88, 88, 'Francesca', 'Waelchi', 'female', 'Kraig Hilpert', 'Prof. Myrna Brekke', '+1.883.663.6276', '659 Antone Prairie\nNew Andreanneville, AL 32919', 'http://facebook.com/Aliyah', 'http://google.com/Korey', 'http://git.com/Jonatan', 'http://linkedin.com/Jonathan', '2016-11-04 13:57:37', '2016-11-04 13:57:37', NULL),
(89, 89, 'Cortney', 'Hills', 'female', 'Declan Rodriguez', 'Jaida Zieme', '389-320-8528 x4033', '432 Herzog Way\nSouth Candace, RI 95635-5185', 'http://facebook.com/Arvid', 'http://google.com/Myrtis', 'http://git.com/Asia', 'http://linkedin.com/Enoch', '2016-11-04 13:57:37', '2016-11-04 13:57:37', NULL),
(90, 90, 'Beau', 'Abernathy', 'female', 'Maybelle Altenwerth DDS', 'Renee Bruen', '1-918-344-8683 x7749', '69346 Romaguera Road Apt. 709\nSouth Fernandostad, TX 93342-7686', 'http://facebook.com/Syble', 'http://google.com/Rebecca', 'http://git.com/Marquise', 'http://linkedin.com/Rebekah', '2016-11-04 13:57:37', '2016-11-04 13:57:37', NULL),
(91, 91, 'Hillary', 'Murphy', 'male', 'Mr. Reuben White DDS', 'Annabel Abernathy', '(997) 296-2349 x864', '574 Brakus Parkways\nNew Lanceview, ND 14917-6667', 'http://facebook.com/Lyric', 'http://google.com/Jayda', 'http://git.com/Edythe', 'http://linkedin.com/Taya', '2016-11-04 13:57:37', '2016-11-04 13:57:37', NULL),
(92, 92, 'Jarvis', 'Wintheiser', 'male', 'Mrs. Liza Welch III', 'Elbert Prosacco V', '823.935.9014', '55405 Nolan Road Apt. 200\nKiehnport, MT 91109-4929', 'http://facebook.com/Melyssa', 'http://google.com/Tania', 'http://git.com/Gordon', 'http://linkedin.com/Sheila', '2016-11-04 13:57:37', '2016-11-04 13:57:37', NULL),
(93, 93, 'Alfredo', 'Braun', 'female', 'Ms. Arianna Bartell V', 'Myriam DuBuque', '+16499142471', '8110 Jayce Mountains Suite 920\nLake Erneststad, MA 52230', 'http://facebook.com/Richard', 'http://google.com/Johathan', 'http://git.com/Heidi', 'http://linkedin.com/Joanne', '2016-11-04 13:57:37', '2016-11-04 13:57:37', NULL),
(94, 94, 'Tracy', 'Connelly', 'male', 'Noemie West', 'Rex Wunsch', '1-875-244-4307', '45309 Morissette Estates Suite 566\nWest Alexys, ND 37673-7688', 'http://facebook.com/Damon', 'http://google.com/Derrick', 'http://git.com/Rowan', 'http://linkedin.com/Marina', '2016-11-04 13:57:37', '2016-11-04 13:57:37', NULL),
(95, 95, 'Lyla', 'Marks', 'female', 'Martine Gorczany', 'Winston Gerhold', '+1-838-231-3144', '2244 Gusikowski Pine Suite 499\nBartolettiview, NV 45483-5156', 'http://facebook.com/Loyal', 'http://google.com/Jude', 'http://git.com/Glenda', 'http://linkedin.com/Onie', '2016-11-04 13:57:37', '2016-11-04 13:57:37', NULL),
(96, 96, 'Autumn', 'Dooley', 'male', 'Jolie Ebert', 'Ms. Alda White', '+16569783351', '61398 Cynthia Overpass Apt. 232\nKshlerinland, OK 23615-1520', 'http://facebook.com/Elizabeth', 'http://google.com/Ruben', 'http://git.com/Keara', 'http://linkedin.com/Corene', '2016-11-04 13:57:37', '2016-11-04 13:57:37', NULL),
(97, 97, 'Alexandrine', 'Schmidt', 'male', 'Carson Wuckert V', 'Oliver McGlynn', '+18924256613', '44574 Anastasia Square\nHaagbury, AK 51437-0148', 'http://facebook.com/Alan', 'http://google.com/Ford', 'http://git.com/Ignacio', 'http://linkedin.com/Rosalind', '2016-11-04 13:57:37', '2016-11-04 13:57:37', NULL),
(98, 98, 'Matilda', 'Ullrich', 'male', 'Narciso Denesik IV', 'Dr. Sydney Hermiston Sr.', '460-726-6864', '29054 Lyric Road\nNew Gilda, SC 79394-9875', 'http://facebook.com/Adolph', 'http://google.com/Peter', 'http://git.com/Lessie', 'http://linkedin.com/April', '2016-11-04 13:57:37', '2016-11-04 13:57:37', NULL),
(99, 99, 'Lafayette', 'Willms', 'male', 'Elsa Wuckert', 'Kayley Oberbrunner', '+14305600158', '388 Lemke River Apt. 876\nLomatown, IL 86813', 'http://facebook.com/Shea', 'http://google.com/Howell', 'http://git.com/Icie', 'http://linkedin.com/Margie', '2016-11-04 13:57:37', '2016-11-04 13:57:37', NULL),
(100, 100, 'Sidney', 'Hegmann', 'female', 'Carson Volkman', 'Dr. Rowan Powlowski V', '(528) 488-7886 x6275', '796 Ratke Station\nNew Americomouth, RI 65162', 'http://facebook.com/Lucius', 'http://google.com/Julianne', 'http://git.com/Zack', 'http://linkedin.com/Mittie', '2016-11-04 13:57:37', '2016-11-04 13:57:37', NULL),
(101, 102, 'Khairul', 'Islam', 'male', 'Jhon', 'Jhon', '878364786823', 'akjsgfkjghkdsafds', 'https://www.facebook.com', 'https://www.website.com', 'https://www.github.com', 'https://www.linkedin.com', '2016-11-04 23:36:20', '2016-11-04 23:36:20', NULL),
(102, 104, 'Khairul', 'Islam', 'male', 'Jhon', 'Jhon', '878364786823', 'akjsgfkjghkdsafds', 'https://www.facebook.com', 'https://www.website.com', 'https://www.github.com', 'https://www.linkedin.com', '2016-11-04 23:45:09', '2016-11-04 23:45:09', NULL);

-- --------------------------------------------------------

--
-- Table structure for table `users`
--

CREATE TABLE `users` (
  `id` int(10) UNSIGNED NOT NULL,
  `name` varchar(255) COLLATE utf8_unicode_ci NOT NULL,
  `email` varchar(255) COLLATE utf8_unicode_ci NOT NULL,
  `password` varchar(255) COLLATE utf8_unicode_ci NOT NULL,
  `remember_token` varchar(100) COLLATE utf8_unicode_ci DEFAULT NULL,
  `created_at` timestamp NULL DEFAULT NULL,
  `updated_at` timestamp NULL DEFAULT NULL
) ENGINE=InnoDB DEFAULT CHARSET=utf8 COLLATE=utf8_unicode_ci;

--
-- Dumping data for table `users`
--

INSERT INTO `users` (`id`, `name`, `email`, `password`, `remember_token`, `created_at`, `updated_at`) VALUES
(51, 'Nichole Jenkins', 'pkuphal@example.org', '$2y$10$O4fGuCqpZBvES5wO04ZsReb2BLxoWerP9PLys/o1I.AvuJpiLu7/W', 'jNYK2Ag1q7', '2016-11-04 13:57:35', '2016-11-04 13:57:35'),
(52, 'Titus Larson V', 'franecki.cullen@example.net', '$2y$10$O4fGuCqpZBvES5wO04ZsReb2BLxoWerP9PLys/o1I.AvuJpiLu7/W', 'pGGNnpOh6x', '2016-11-04 13:57:35', '2016-11-04 13:57:35'),
(53, 'Michael Lang', 'botsford.shea@example.org', '$2y$10$O4fGuCqpZBvES5wO04ZsReb2BLxoWerP9PLys/o1I.AvuJpiLu7/W', '1Gzds4hc7Y', '2016-11-04 13:57:35', '2016-11-04 13:57:35'),
(54, 'Prof. Jamarcus Ortiz I', 'orpha.pouros@example.net', '$2y$10$O4fGuCqpZBvES5wO04ZsReb2BLxoWerP9PLys/o1I.AvuJpiLu7/W', 'Az6WMcUHVX', '2016-11-04 13:57:35', '2016-11-04 13:57:35'),
(55, 'Vincenza Schimmel', 'gladyce79@example.net', '$2y$10$O4fGuCqpZBvES5wO04ZsReb2BLxoWerP9PLys/o1I.AvuJpiLu7/W', '66fDOqaJUQ', '2016-11-04 13:57:35', '2016-11-04 13:57:35'),
(56, 'Edwin Leffler', 'hauck.quinn@example.net', '$2y$10$O4fGuCqpZBvES5wO04ZsReb2BLxoWerP9PLys/o1I.AvuJpiLu7/W', 'xa3A5jnx38', '2016-11-04 13:57:35', '2016-11-04 13:57:35'),
(57, 'Akeem Schaden', 'wmuller@example.net', '$2y$10$O4fGuCqpZBvES5wO04ZsReb2BLxoWerP9PLys/o1I.AvuJpiLu7/W', 'wzVCA0TeRY', '2016-11-04 13:57:35', '2016-11-04 13:57:35'),
(58, 'Helga Bergstrom IV', 'mills.shanon@example.com', '$2y$10$O4fGuCqpZBvES5wO04ZsReb2BLxoWerP9PLys/o1I.AvuJpiLu7/W', 'AlPilot98r', '2016-11-04 13:57:35', '2016-11-04 13:57:35'),
(59, 'Danyka Harber', 'electa33@example.net', '$2y$10$O4fGuCqpZBvES5wO04ZsReb2BLxoWerP9PLys/o1I.AvuJpiLu7/W', 'gJ9J4OoyZM', '2016-11-04 13:57:35', '2016-11-04 13:57:35'),
(60, 'Shayne Wolf', 'kuhlman.emelia@example.com', '$2y$10$O4fGuCqpZBvES5wO04ZsReb2BLxoWerP9PLys/o1I.AvuJpiLu7/W', 'D7pzUrVzIP', '2016-11-04 13:57:35', '2016-11-04 13:57:35'),
(61, 'Susana Fisher', 'retha94@example.net', '$2y$10$O4fGuCqpZBvES5wO04ZsReb2BLxoWerP9PLys/o1I.AvuJpiLu7/W', '5ObtY89bLR', '2016-11-04 13:57:35', '2016-11-04 13:57:35'),
(62, 'Mr. Jace Johnson IV', 'kemmer.elliot@example.net', '$2y$10$O4fGuCqpZBvES5wO04ZsReb2BLxoWerP9PLys/o1I.AvuJpiLu7/W', '5wu42chKIQ', '2016-11-04 13:57:35', '2016-11-04 13:57:35'),
(63, 'Dr. Zane Johns DDS', 'precious60@example.com', '$2y$10$O4fGuCqpZBvES5wO04ZsReb2BLxoWerP9PLys/o1I.AvuJpiLu7/W', 'WwaI1x7T2K', '2016-11-04 13:57:35', '2016-11-04 13:57:35'),
(64, 'Mr. Lloyd Waters', 'homenick.madison@example.com', '$2y$10$O4fGuCqpZBvES5wO04ZsReb2BLxoWerP9PLys/o1I.AvuJpiLu7/W', 'ApTuDEDNJb', '2016-11-04 13:57:35', '2016-11-04 13:57:35'),
(65, 'Euna Effertz', 'pschuppe@example.org', '$2y$10$O4fGuCqpZBvES5wO04ZsReb2BLxoWerP9PLys/o1I.AvuJpiLu7/W', 'oaSNM0n6An', '2016-11-04 13:57:35', '2016-11-04 13:57:35'),
(66, 'Shakira Bode', 'bradtke.toni@example.net', '$2y$10$O4fGuCqpZBvES5wO04ZsReb2BLxoWerP9PLys/o1I.AvuJpiLu7/W', 'wy345bXhQQ', '2016-11-04 13:57:35', '2016-11-04 13:57:35'),
(67, 'Miss Ena Sauer', 'jaclyn60@example.net', '$2y$10$O4fGuCqpZBvES5wO04ZsReb2BLxoWerP9PLys/o1I.AvuJpiLu7/W', 'iJfgiNSaQb', '2016-11-04 13:57:35', '2016-11-04 13:57:35'),
(68, 'Ben Dickens PhD', 'bernice72@example.com', '$2y$10$O4fGuCqpZBvES5wO04ZsReb2BLxoWerP9PLys/o1I.AvuJpiLu7/W', 'gVvkHKTbQW', '2016-11-04 13:57:35', '2016-11-04 13:57:35'),
(69, 'Miss Daisha Huel', 'mina.heller@example.com', '$2y$10$O4fGuCqpZBvES5wO04ZsReb2BLxoWerP9PLys/o1I.AvuJpiLu7/W', 'h4ptXG9F4P', '2016-11-04 13:57:35', '2016-11-04 13:57:35'),
(70, 'Marguerite McClure', 'amara98@example.com', '$2y$10$O4fGuCqpZBvES5wO04ZsReb2BLxoWerP9PLys/o1I.AvuJpiLu7/W', 'bOEGrYPQT9', '2016-11-04 13:57:35', '2016-11-04 13:57:35'),
(71, 'Armando Homenick', 'obarton@example.com', '$2y$10$O4fGuCqpZBvES5wO04ZsReb2BLxoWerP9PLys/o1I.AvuJpiLu7/W', '5A1slxwo2y', '2016-11-04 13:57:35', '2016-11-04 13:57:35'),
(72, 'Rex Schamberger', 'tre.wiza@example.net', '$2y$10$O4fGuCqpZBvES5wO04ZsReb2BLxoWerP9PLys/o1I.AvuJpiLu7/W', 'CuHHVbEUjv', '2016-11-04 13:57:35', '2016-11-04 13:57:35'),
(73, 'Rusty Ritchie MD', 'jkulas@example.org', '$2y$10$O4fGuCqpZBvES5wO04ZsReb2BLxoWerP9PLys/o1I.AvuJpiLu7/W', 'QxwtyzcAzQ', '2016-11-04 13:57:35', '2016-11-04 13:57:35'),
(74, 'Madonna Heaney', 'art.veum@example.net', '$2y$10$O4fGuCqpZBvES5wO04ZsReb2BLxoWerP9PLys/o1I.AvuJpiLu7/W', 'm6ZF9nJ9Wx', '2016-11-04 13:57:35', '2016-11-04 13:57:35'),
(75, 'Dorothea Hilpert', 'gideon46@example.org', '$2y$10$O4fGuCqpZBvES5wO04ZsReb2BLxoWerP9PLys/o1I.AvuJpiLu7/W', 'mjLYO38Ngr', '2016-11-04 13:57:35', '2016-11-04 13:57:35'),
(76, 'Cristian Tremblay Sr.', 'shaina.rippin@example.org', '$2y$10$O4fGuCqpZBvES5wO04ZsReb2BLxoWerP9PLys/o1I.AvuJpiLu7/W', 'RNLwq0PF5Y', '2016-11-04 13:57:35', '2016-11-04 13:57:35'),
(77, 'Jonathan VonRueden', 'carlee.huels@example.org', '$2y$10$O4fGuCqpZBvES5wO04ZsReb2BLxoWerP9PLys/o1I.AvuJpiLu7/W', 'V8PhJrgAmN', '2016-11-04 13:57:35', '2016-11-04 13:57:35'),
(78, 'Maurice Predovic', 'raynor.thelma@example.com', '$2y$10$O4fGuCqpZBvES5wO04ZsReb2BLxoWerP9PLys/o1I.AvuJpiLu7/W', 'VTQO976MCu', '2016-11-04 13:57:35', '2016-11-04 13:57:35'),
(79, 'Maida Harber', 'fkilback@example.org', '$2y$10$O4fGuCqpZBvES5wO04ZsReb2BLxoWerP9PLys/o1I.AvuJpiLu7/W', '8V7QfgKeg5', '2016-11-04 13:57:35', '2016-11-04 13:57:35'),
(80, 'Prof. Anabelle Keeling V', 'vladimir.krajcik@example.net', '$2y$10$O4fGuCqpZBvES5wO04ZsReb2BLxoWerP9PLys/o1I.AvuJpiLu7/W', 'Bc8pUyYsG6', '2016-11-04 13:57:35', '2016-11-04 13:57:35'),
(81, 'Christina Hoeger', 'gerardo96@example.com', '$2y$10$O4fGuCqpZBvES5wO04ZsReb2BLxoWerP9PLys/o1I.AvuJpiLu7/W', '2JHrXpU0HA', '2016-11-04 13:57:35', '2016-11-04 13:57:35'),
(82, 'Wendell Greenfelder Jr.', 'karl39@example.net', '$2y$10$O4fGuCqpZBvES5wO04ZsReb2BLxoWerP9PLys/o1I.AvuJpiLu7/W', 'h1hrx5vdL2', '2016-11-04 13:57:35', '2016-11-04 13:57:35'),
(83, 'Tressie Grimes Sr.', 'kirlin.lexi@example.com', '$2y$10$O4fGuCqpZBvES5wO04ZsReb2BLxoWerP9PLys/o1I.AvuJpiLu7/W', 'Cznjafg2KX', '2016-11-04 13:57:35', '2016-11-04 13:57:35'),
(84, 'Vanessa Kuphal', 'creola.beahan@example.com', '$2y$10$O4fGuCqpZBvES5wO04ZsReb2BLxoWerP9PLys/o1I.AvuJpiLu7/W', 'PPJ1vp2rGL', '2016-11-04 13:57:35', '2016-11-04 13:57:35'),
(85, 'Trudie Beier', 'hassan.connelly@example.com', '$2y$10$O4fGuCqpZBvES5wO04ZsReb2BLxoWerP9PLys/o1I.AvuJpiLu7/W', 'ERWXOp9ybb', '2016-11-04 13:57:35', '2016-11-04 13:57:35'),
(86, 'Shea Schmitt', 'rtromp@example.net', '$2y$10$O4fGuCqpZBvES5wO04ZsReb2BLxoWerP9PLys/o1I.AvuJpiLu7/W', 'vOO6Lyxs5u', '2016-11-04 13:57:36', '2016-11-04 13:57:36'),
(87, 'Cathrine Jacobi III', 'pbahringer@example.net', '$2y$10$O4fGuCqpZBvES5wO04ZsReb2BLxoWerP9PLys/o1I.AvuJpiLu7/W', '3W9o5PYKta', '2016-11-04 13:57:36', '2016-11-04 13:57:36'),
(88, 'Ms. Winifred Strosin PhD', 'osborne.schroeder@example.org', '$2y$10$O4fGuCqpZBvES5wO04ZsReb2BLxoWerP9PLys/o1I.AvuJpiLu7/W', 'IQh4kjcj4N', '2016-11-04 13:57:36', '2016-11-04 13:57:36'),
(89, 'Dr. Lance Legros', 'ikozey@example.org', '$2y$10$O4fGuCqpZBvES5wO04ZsReb2BLxoWerP9PLys/o1I.AvuJpiLu7/W', 'pAB0r2awSh', '2016-11-04 13:57:36', '2016-11-04 13:57:36'),
(90, 'Prof. Fabian Jenkins DVM', 'braun.ara@example.org', '$2y$10$O4fGuCqpZBvES5wO04ZsReb2BLxoWerP9PLys/o1I.AvuJpiLu7/W', 'LN3Bkl3KO8', '2016-11-04 13:57:36', '2016-11-04 13:57:36'),
(91, 'Luella Lind I', 'selina30@example.net', '$2y$10$O4fGuCqpZBvES5wO04ZsReb2BLxoWerP9PLys/o1I.AvuJpiLu7/W', 'u4ltOrPLwp', '2016-11-04 13:57:36', '2016-11-04 13:57:36'),
(92, 'Jackson Adams', 'kelvin09@example.net', '$2y$10$O4fGuCqpZBvES5wO04ZsReb2BLxoWerP9PLys/o1I.AvuJpiLu7/W', 'BGIygpJ9wC', '2016-11-04 13:57:36', '2016-11-04 13:57:36'),
(93, 'Mr. Evert Donnelly', 'skye00@example.net', '$2y$10$O4fGuCqpZBvES5wO04ZsReb2BLxoWerP9PLys/o1I.AvuJpiLu7/W', 'HXOBnXaHFR', '2016-11-04 13:57:36', '2016-11-04 13:57:36'),
(94, 'Meredith Gusikowski V', 'klocko.viva@example.org', '$2y$10$O4fGuCqpZBvES5wO04ZsReb2BLxoWerP9PLys/o1I.AvuJpiLu7/W', 'ii2mhCbUso', '2016-11-04 13:57:36', '2016-11-04 13:57:36'),
(95, 'Prof. Melvin Cummings Sr.', 'kdare@example.org', '$2y$10$O4fGuCqpZBvES5wO04ZsReb2BLxoWerP9PLys/o1I.AvuJpiLu7/W', 'S3BtTbMgcg', '2016-11-04 13:57:36', '2016-11-04 13:57:36'),
(96, 'Zion Dietrich PhD', 'murray.ethelyn@example.com', '$2y$10$O4fGuCqpZBvES5wO04ZsReb2BLxoWerP9PLys/o1I.AvuJpiLu7/W', '6cvOjUOPsW', '2016-11-04 13:57:36', '2016-11-04 13:57:36'),
(97, 'Ms. Zula Blick', 'johanna.runte@example.net', '$2y$10$O4fGuCqpZBvES5wO04ZsReb2BLxoWerP9PLys/o1I.AvuJpiLu7/W', 'be1TqsTB0o', '2016-11-04 13:57:36', '2016-11-04 13:57:36'),
(98, 'Ezequiel Bartell', 'noelia47@example.com', '$2y$10$O4fGuCqpZBvES5wO04ZsReb2BLxoWerP9PLys/o1I.AvuJpiLu7/W', 'KOzZVoU3F6', '2016-11-04 13:57:36', '2016-11-04 13:57:36'),
(99, 'Dr. Winston Lebsack PhD', 'purdy.zelda@example.net', '$2y$10$O4fGuCqpZBvES5wO04ZsReb2BLxoWerP9PLys/o1I.AvuJpiLu7/W', 't7UL1QLCb7', '2016-11-04 13:57:36', '2016-11-04 13:57:36'),
(100, 'Felicia Ruecker', 'mstamm@example.com', '$2y$10$O4fGuCqpZBvES5wO04ZsReb2BLxoWerP9PLys/o1I.AvuJpiLu7/W', 'fHZyfsuz9S', '2016-11-04 13:57:36', '2016-11-04 13:57:36'),
(102, 'Khairul Islam', 'khairul@robority.com', '$2y$10$x2ANACE9gF.KxsPdLwR0gumk5nKIIi01xS52oNOTNnRMmRCVBriHW', NULL, '2016-11-04 23:36:20', '2016-11-04 23:36:20'),
(104, 'Khairul Islam', 'khairul@example1.com', '$2y$10$/5LA4H36fMdRcW1KVmxLDuvKr3IqXfQaJNjZVKkORM9HYnSMPomte', NULL, '2016-11-04 23:45:09', '2016-11-04 23:45:09');

--
-- Indexes for dumped tables
--

--
-- Indexes for table `migrations`
--
ALTER TABLE `migrations`
  ADD PRIMARY KEY (`id`);

--
-- Indexes for table `password_resets`
--
ALTER TABLE `password_resets`
  ADD KEY `password_resets_email_index` (`email`),
  ADD KEY `password_resets_token_index` (`token`);

--
-- Indexes for table `profiles`
--
ALTER TABLE `profiles`
  ADD PRIMARY KEY (`id`),
  ADD KEY `profiles_user_id_foreign` (`user_id`);

--
-- Indexes for table `users`
--
ALTER TABLE `users`
  ADD PRIMARY KEY (`id`),
  ADD UNIQUE KEY `users_email_unique` (`email`);

--
-- AUTO_INCREMENT for dumped tables
--

--
-- AUTO_INCREMENT for table `migrations`
--
ALTER TABLE `migrations`
  MODIFY `id` int(10) UNSIGNED NOT NULL AUTO_INCREMENT, AUTO_INCREMENT=4;
--
-- AUTO_INCREMENT for table `profiles`
--
ALTER TABLE `profiles`
  MODIFY `id` int(10) UNSIGNED NOT NULL AUTO_INCREMENT, AUTO_INCREMENT=103;
--
-- AUTO_INCREMENT for table `users`
--
ALTER TABLE `users`
  MODIFY `id` int(10) UNSIGNED NOT NULL AUTO_INCREMENT, AUTO_INCREMENT=105;
--
-- Constraints for dumped tables
--

--
-- Constraints for table `profiles`
--
ALTER TABLE `profiles`
  ADD CONSTRAINT `profiles_user_id_foreign` FOREIGN KEY (`user_id`) REFERENCES `users` (`id`) ON DELETE CASCADE;

/*!40101 SET CHARACTER_SET_CLIENT=@OLD_CHARACTER_SET_CLIENT */;
/*!40101 SET CHARACTER_SET_RESULTS=@OLD_CHARACTER_SET_RESULTS */;
/*!40101 SET COLLATION_CONNECTION=@OLD_COLLATION_CONNECTION */;
